usuario,comentario
anuel aa,hora ecuatoriana aquiora ver partido chelsea
crlsdnl,si decian clubes europa interesaba mundial mas hacian mandados
f el mona rodriguez,juega madrid martes miercoles
andan gustavo,hola aplicacion gratis recomiendem ver partido
kary2020,pacho vs moy caicedo
crlsdnl,si decian europa mas hacian mandados
jesus morales,recuerden nombre pasa final chelsea vs real madrid madrid campeon
bsc,pusieron facil psg
valdomero,esperando segundo tiempo carnal
xavierfernandez040,liga francesa espanola inglesa brasilera fin si mejores ligas
luis ortiz cornejo,ponlo guardar porfavor
edgardespinoza88,ahi quiero ver jugadores q dicen q estan nivel
amir,predijo futuro gana madrid gana chelse final gana chelsea
eliecer r melendez,penal pasa querian dejar verguensa europeos
franzottinehueen,levanta manos festejar
user4293523873418,verdad kisoeron dejar berguensa alos europeos
johan garcia,equipito gana final madrid psg solo
adaggio barber shop,equipo mucha aplicaron igual monterrey fifa puerto interes deportivo sale sobrando
corabastos bascula,ganar partido toca asi goles espectaculares queria q ganara fluu futbol
jesus,tan faciles goles vendido brasucos mismo tiempo vendido gente
flako garcia,toda culpa portero amarilla sacaron ningun momento portero sale jugar balon va jugador
ernesto flores,esguince portero culpable
xciprianox,primero diego jota ahora musiala
godrick,porfa acabe carrera
jadhira,tiempo abuela agarra buen movimiento tobillo lugar tenian q dejarlo esperar q emfrie
vikito,final sera fluminense vs real madrid cuanto quieres perder
rolando,hala madrid duela duela
yetssy pinzon,hala madrid gane pierda mejor europa mundo
,mejor europa actualmente
ricky,final dos ecuatorianos unico yq nadie mas va diafrutar q ecuatoriano yq gane mejor xq estara ecuatoriano campeon bravo
joen eliezer,nadie esperaba chelsea gana mundial
alex med,simon marsinian sera mvp partido guarde comentario
ascesor de apuesta deportivas,flu pasa acuerdense comentario
roberto de la o,final real madrid fulminense
diegoalexanders76,fluminense vs resto mundo puede predecir futbol logicasolo sopresa
luis edgardoheredia,sirves pronostico real madrid gana psg p
efra,ultima vez atinaste confio vez decepcionaras tampoco acertaras final madridfluminense
user8107917092758,ganara real madrid
armando yahuana calderon,manana si puede ser real madrid p
ocampo marin,duele q real mejor europa deben ser barcelona q asetan q real mejor q equipos europeos
,real madrid campeon
sergio mota13,puro sueno madrid gana psg
armando yahuana calderon,bien oy brasil p
luis eduardo cr,duelo psg real sale campeon
cruz lara,amigo dice psg mejor europa equipo mediocre
elmere46,madrid fuega miercoles martes mal
user9260334483011r,atrevieron arriesgar analizar concienzudamente psg real madrid
sebas,quieres unirte liga fantasy
roberto de la o,gana real madrid tres veces campeon gana balon oro embape x unico gol tigera
arnoldo miranda,mal pasa real madrid ala madrid
abner,viva campeon tiempos madrid
moni,jaja equivoco xk gano mexico
axelito,mexico participa mundial d clubes
caroli_g,mexico campeon copa oro quedo ojo mexico
yangreg_lov3_kex,mexico nesecita predicion sabe siempre regalan partido mexico igual regalan peleas canelo mexico sabe jugar limpio
albertosalomonlazcano,final mexico vs portugal
el ultimo pistolero,tambien darle vitoria mexico unidos todavia cierto ahi sorpresa ahi guatemala honduras todavia puede dar sorpresa
user8107245461241,mexico vs canada final
faber,puedes subir capitulo favor falso
elisg,siempre finalistas unidos mexico
latigo92,mundial clubes sera campeon fluminense brasil equipo sudamericano
katherine,saben cosa solo dios sabe gana va ser ganador nadie dios mas grande
gabby galaviz,mexico usa final
chaparra,ojala equipos favoritos honduras usa tambien mexico
yony adilson garcia3,hoy veremos monterrey aver dela profecia
kelvin ponce,si siempre lleva unidos voy usa
herberth soto,creo ganador galaxi
elmer lopez 502 lobo de mar,tres doritos tarde
gael enzo zuna mendez,adivinansas funcionan creo adivina adivina varios supuestos predicciones fallo
carmina rodriguez,mmmmm estan mas perdidos estan perdiendo poderes
pedro lopez,mexico suenos pueden ganar mundial
ana hernandez,manches sera sierto ojala si
aide vargas,losiento gano mexico
vigas,monterey quedo eliminado mentira
chucho,mexico va ganar
pineda jaime,rudiguer inepto deberia irse
mac,cuanto cuanto quedaron
uzzi,solo representan brasil sudamerica
herberth,papas aplaudieron cuarto
luisito,ase tiros seleccion
,perdio lucho final
iomedina,chelsea jugo media cana fallaron claras aun asi gano
asheeliitoo,cagando levante aplaudir
user3993001210910,corazon quiere q gane flum buen apostado sabe ganara chelsea
samuel jose montesinos rodrigu,estan critican futbol femenino veo leo
john rojas871,confiooooo flu pasar ser finalistas mundial clubes
kn07,ala bestia donato tambien juega futbol
gabriel sg,arias deberia volar europa bueno compa
jhosneiber,ojala hiciera seleccion
los pro player,entro balon uff q pulso
meneses,mayoria porteros don grl
esteban___did0,ah seleccion colombiana correr quiere
yoyito,caicedo enzo eternos papas arias soteldo
,alguien mas piensa cano llego ser profesional
jonathan pineda gall,ahi quedo suerte
carlos diaz,seleccion sabe centrar
oscar barber shoop,acaban ser eliminados chelsea
efrain c 1516,jugaron hoy regalaron resultado
elieser lopez,vamos real madrid puedes
mrale505,q barcelona apoyan real madrid unico q pueden aser aqui vamos madrid confiamos as onor querida leyenda hala madrid
melani loher,bamos real madrid campeones
nahomi,bamos madrid apoyare
tu flakito 502,vamos real madrid campeones
carlita,vamos real madrid puedes aserlo
julian alvarez,vamos real madrid confianza final
davinson chavez el casador,vamos casa blanca
ross,vomos hala madrid si puede
efrain,bamos psg humildad siempre dar mejor cancha
gomez,vamos querrido real madrid
demono yt,real madrid muerte vamos real
alejandrocontreras,apoyo real madrid
jhudith,vamos paris puedes oy
julian alvarez,vamos hala madrid mas junto vencer psg
jimenez,apoyando madrid vamos kerido real madrid si ba poder
megia angel,vamos madrid puedes madrid
armando hernandez garcia 77299,vamos real madrid final
arielito,dudas psg lleva victoria omillando ala madrid
dani,puedes real madrid
emili,vamos querido real madrid puedes darlo
flaquita,ala madrid muerte vamos real madrid
fer1,dos equipos buenos partido va bueno
gloria,vamos gsg vamos contodo sepuede
wilson,clasifican dinero capacidad futbolista
cris limachi mamani,vamos paris mas fuerza sabido q va educar real madrid
cesar 2012,va ser mejor siempre ala madrid
santy,viendo varsa apoyando psg
nelso_2025,dios ayudame gane real madrid
juan,barsa hoy balanza inclina real quiero bajen humos psg tocado grandes mundial clubes
bunnyronyehd,q hora juega
nelson3,llevan perdiendo real madrid
arabe jm,creo aqui sale campeon mundial clubes opinion
os reyes,vengo ayer real madrid psg
liz,vamoj si puedee hala madrid siempre crjo
,gana real madrid
david mendoza,puro hala madrid
je jhacksoncb,q hora juega pe
josue,barca barca digalos comentarios
joshua,mejor partido mundial clubes
jos,algun fan madrid apoye edit
stuarperz,barca apoyo real
jhonny,vamos paris ustedes pueden ganar real madrid aun equipo barcelona
perritonavideno,equipo ba ajugar mbappe
ivan acosta,barcelona estaria bien real madrid bajara nubes psg mundial clubes reivindicandose otrravez
saldivar,mbappe partidos va perro conoces perfectamente movimientos ex equipo viceversa
morales,vamos ala madrid
franck,sera partidasoooo perooo aunque partido dificil ganara psg manana manana quiero like si logro predecirlo
garcia,psg real madrid primer tiempo
