tweet_id,comment
"Eu entendi seu ponto, e concordo discordando.

Se n√£o falarmos, se n√£o exaltarmos nossas conquistas, ningu√©m vai. A fase atual √© horr√≠vel, deprimente, mas a hist√≥ria tem que ser glorificada, at√© que sejamos n√≥s ou algum rival a quebrar esse tabu.","Bacana irm√£o, voc√™s merecem todos o m√©rito por esse t√≠tulo, meus parab√©ns, mas o rival de voc√™s hoje √© a pol√≠cia, o time √© caloteiro a dire√ß√£o e cheia de 171, a √∫nica coisa que resta pro Corinthians de vdd √© a fi√©l torcida, nem os t√≠tulos importam tanto diante das crises de hj."
"Eu entendi seu ponto, e concordo discordando.

Se n√£o falarmos, se n√£o exaltarmos nossas conquistas, ningu√©m vai. A fase atual √© horr√≠vel, deprimente, mas a hist√≥ria tem que ser glorificada, at√© que sejamos n√≥s ou algum rival a quebrar esse tabu.","Mas o que tem de corinthiano falando que os times da d√©cada de oitenta e noventa n√£o foram ""campe√µes mundiais"" at√© hoje n√£o t√° no gibi. Se o Corinthians tivesse vencido uma Copa Toyota ia dizer que era tricampe√£o mundial."
"Eu entendi seu ponto, e concordo discordando.

Se n√£o falarmos, se n√£o exaltarmos nossas conquistas, ningu√©m vai. A fase atual √© horr√≠vel, deprimente, mas a hist√≥ria tem que ser glorificada, at√© que sejamos n√≥s ou algum rival a quebrar esse tabu.",Tradi√ß√£o √© para poucos!!! Esse clube vive a d√©cadas sendo sabotado por seus dirigentes. E mesmo assim conseguiu o que clubes estruturados e cheios de dinheiro jamais conseguir√£o. Um dia entrar√° no clube um dirigente profissional e honesto. A√≠ ningu√©m segura essa pot√™ncia.
"Eu entendi seu ponto, e concordo discordando.

Se n√£o falarmos, se n√£o exaltarmos nossas conquistas, ningu√©m vai. A fase atual √© horr√≠vel, deprimente, mas a hist√≥ria tem que ser glorificada, at√© que sejamos n√≥s ou algum rival a quebrar esse tabu.",√â o que sobrou..
"Eu entendi seu ponto, e concordo discordando.

Se n√£o falarmos, se n√£o exaltarmos nossas conquistas, ningu√©m vai. A fase atual √© horr√≠vel, deprimente, mas a hist√≥ria tem que ser glorificada, at√© que sejamos n√≥s ou algum rival a quebrar esse tabu.",Curintia Faleceu j√°
"Eu entendi seu ponto, e concordo discordando.

Se n√£o falarmos, se n√£o exaltarmos nossas conquistas, ningu√©m vai. A fase atual √© horr√≠vel, deprimente, mas a hist√≥ria tem que ser glorificada, at√© que sejamos n√≥s ou algum rival a quebrar esse tabu.",Quem vive de passado √© museu. Rs
"Eu entendi seu ponto, e concordo discordando.

Se n√£o falarmos, se n√£o exaltarmos nossas conquistas, ningu√©m vai. A fase atual √© horr√≠vel, deprimente, mas a hist√≥ria tem que ser glorificada, at√© que sejamos n√≥s ou algum rival a quebrar esse tabu.",Ganhou e est√° afundado em dividas.... Mas tem que se orgulhar das gl√≥rias do passado .
"Eu entendi seu ponto, e concordo discordando.

Se n√£o falarmos, se n√£o exaltarmos nossas conquistas, ningu√©m vai. A fase atual √© horr√≠vel, deprimente, mas a hist√≥ria tem que ser glorificada, at√© que sejamos n√≥s ou algum rival a quebrar esse tabu.",De l√° pra c√° nada
"Eu entendi seu ponto, e concordo discordando.

Se n√£o falarmos, se n√£o exaltarmos nossas conquistas, ningu√©m vai. A fase atual √© horr√≠vel, deprimente, mas a hist√≥ria tem que ser glorificada, at√© que sejamos n√≥s ou algum rival a quebrar esse tabu.",calma protagonista
"Eu entendi seu ponto, e concordo discordando.

Se n√£o falarmos, se n√£o exaltarmos nossas conquistas, ningu√©m vai. A fase atual √© horr√≠vel, deprimente, mas a hist√≥ria tem que ser glorificada, at√© que sejamos n√≥s ou algum rival a quebrar esse tabu.","O neg√≥cio √© ter mais t√≠tulos. Ningu√©m liga pro √∫ltimo campe√£o, o botafogo continua min√∫sculo mesmo sendo o atual campe√£o da libertadores"
"Eu entendi seu ponto, e concordo discordando.

Se n√£o falarmos, se n√£o exaltarmos nossas conquistas, ningu√©m vai. A fase atual √© horr√≠vel, deprimente, mas a hist√≥ria tem que ser glorificada, at√© que sejamos n√≥s ou algum rival a quebrar esse tabu.","loucura pensar que esse mesmo ""√∫ltimo campe√£o"" em 13 anos depois praticamente beira a fal√™ncia"
"Eu entendi seu ponto, e concordo discordando.

Se n√£o falarmos, se n√£o exaltarmos nossas conquistas, ningu√©m vai. A fase atual √© horr√≠vel, deprimente, mas a hist√≥ria tem que ser glorificada, at√© que sejamos n√≥s ou algum rival a quebrar esse tabu.","P√≥s VAR e tecnologia no futebol, nao existe mais titulos pra vcs kkk"
"Eu entendi seu ponto, e concordo discordando.

Se n√£o falarmos, se n√£o exaltarmos nossas conquistas, ningu√©m vai. A fase atual √© horr√≠vel, deprimente, mas a hist√≥ria tem que ser glorificada, at√© que sejamos n√≥s ou algum rival a quebrar esse tabu.","bi mundial 
SCCP 1910"
"Eu entendi seu ponto, e concordo discordando.

Se n√£o falarmos, se n√£o exaltarmos nossas conquistas, ningu√©m vai. A fase atual √© horr√≠vel, deprimente, mas a hist√≥ria tem que ser glorificada, at√© que sejamos n√≥s ou algum rival a quebrar esse tabu.","Vcs est√£o certo em sempre trazer isso a tona, afinal, s√≥ resta isso pra vcs se apegarem‚Ä¶
hj acompanham as not√≠cias do time nas p√°ginas policiais"
"Eu entendi seu ponto, e concordo discordando.

Se n√£o falarmos, se n√£o exaltarmos nossas conquistas, ningu√©m vai. A fase atual √© horr√≠vel, deprimente, mas a hist√≥ria tem que ser glorificada, at√© que sejamos n√≥s ou algum rival a quebrar esse tabu.",√© o que sobra pro betarinthians kkkkkkkkk
"Eu entendi seu ponto, e concordo discordando.

Se n√£o falarmos, se n√£o exaltarmos nossas conquistas, ningu√©m vai. A fase atual √© horr√≠vel, deprimente, mas a hist√≥ria tem que ser glorificada, at√© que sejamos n√≥s ou algum rival a quebrar esse tabu.",Continua menor de sp
"Eu entendi seu ponto, e concordo discordando.

Se n√£o falarmos, se n√£o exaltarmos nossas conquistas, ningu√©m vai. A fase atual √© horr√≠vel, deprimente, mas a hist√≥ria tem que ser glorificada, at√© que sejamos n√≥s ou algum rival a quebrar esse tabu.",Kkkkkkk
"Eu entendi seu ponto, e concordo discordando.

Se n√£o falarmos, se n√£o exaltarmos nossas conquistas, ningu√©m vai. A fase atual √© horr√≠vel, deprimente, mas a hist√≥ria tem que ser glorificada, at√© que sejamos n√≥s ou algum rival a quebrar esse tabu.","Ser o √∫ltimo n√£o vale por 3, mas de fato, o que √© grandioso deve ser lembrado"
"Eu entendi seu ponto, e concordo discordando.

Se n√£o falarmos, se n√£o exaltarmos nossas conquistas, ningu√©m vai. A fase atual √© horr√≠vel, deprimente, mas a hist√≥ria tem que ser glorificada, at√© que sejamos n√≥s ou algum rival a quebrar esse tabu.","At√© esse t√≠tulo, o Corinthians era grande, depois dele foi se apequenando, contraindo dividas, enchendo o bolso sei l√° de quem, e hoje vive do passado."
"Eu entendi seu ponto, e concordo discordando.

Se n√£o falarmos, se n√£o exaltarmos nossas conquistas, ningu√©m vai. A fase atual √© horr√≠vel, deprimente, mas a hist√≥ria tem que ser glorificada, at√© que sejamos n√≥s ou algum rival a quebrar esse tabu.",Se preserva o carente kkkkk ngm lembra da exist√™ncia de voc√™s n√£o
"Eu entendi seu ponto, e concordo discordando.

Se n√£o falarmos, se n√£o exaltarmos nossas conquistas, ningu√©m vai. A fase atual √© horr√≠vel, deprimente, mas a hist√≥ria tem que ser glorificada, at√© que sejamos n√≥s ou algum rival a quebrar esse tabu.",O choro √© livre .....
"Eu entendi seu ponto, e concordo discordando.

Se n√£o falarmos, se n√£o exaltarmos nossas conquistas, ningu√©m vai. A fase atual √© horr√≠vel, deprimente, mas a hist√≥ria tem que ser glorificada, at√© que sejamos n√≥s ou algum rival a quebrar esse tabu.","Realmente, foi um grande feito. H√° 13 anos. Agora n√£o consegue nem se classificar em pr√© Libertadores, quem dir√° chegar no Mundial de novo."
"Eu entendi seu ponto, e concordo discordando.

Se n√£o falarmos, se n√£o exaltarmos nossas conquistas, ningu√©m vai. A fase atual √© horr√≠vel, deprimente, mas a hist√≥ria tem que ser glorificada, at√© que sejamos n√≥s ou algum rival a quebrar esse tabu.","O engra√ßado √© que eu n vejo post do S√£o paulo (que ganhou em 2005) nem do inter que ganhou recentemente tbm, √© so post de time pequeno que precisa suprir a car√™ncia de titulos com memorias do passado, que triste..."
"Eu entendi seu ponto, e concordo discordando.

Se n√£o falarmos, se n√£o exaltarmos nossas conquistas, ningu√©m vai. A fase atual √© horr√≠vel, deprimente, mas a hist√≥ria tem que ser glorificada, at√© que sejamos n√≥s ou algum rival a quebrar esse tabu.",kkkkkkkkkkkkkkkkkkkkkkkkkkkkkkkkkkkkkkkkkkkkkkkkkkkkkkkkkkkkkkkkkkkkkkkkkkkkkkkkkkkkkkkkkkkkkkkkkkkkkkkkkkkkkkkkkkkkkkkkkkkkkkkkkkkkkkkkkkkkkkkkkkkkkkkkkkkkkkkkkkkkkkkkkkkkkkkkkkkkkkkkkkkkkkkkkkkkkkkkkkkkkkkkkkkkkkkkkkkkkkkkkkkkkkkkkkkkkkkkkkkkkkkkkkkkkkkkkkkkkkkkkkkkkkkkkkkkkkkk
"Eu entendi seu ponto, e concordo discordando.

Se n√£o falarmos, se n√£o exaltarmos nossas conquistas, ningu√©m vai. A fase atual √© horr√≠vel, deprimente, mas a hist√≥ria tem que ser glorificada, at√© que sejamos n√≥s ou algum rival a quebrar esse tabu.",Esse Mundial talvez seja o ultimo conquistado pelo FUTEBOL BRASILEIRO  estamos muito abaixo.
"Eu entendi seu ponto, e concordo discordando.

Se n√£o falarmos, se n√£o exaltarmos nossas conquistas, ningu√©m vai. A fase atual √© horr√≠vel, deprimente, mas a hist√≥ria tem que ser glorificada, at√© que sejamos n√≥s ou algum rival a quebrar esse tabu.",Kakakakkakakka muito carentes akakkakak ngm liga para vcs seus nanicos monoliberta
"Eu entendi seu ponto, e concordo discordando.

Se n√£o falarmos, se n√£o exaltarmos nossas conquistas, ningu√©m vai. A fase atual √© horr√≠vel, deprimente, mas a hist√≥ria tem que ser glorificada, at√© que sejamos n√≥s ou algum rival a quebrar esse tabu.",Mas hj n√£o paga nem o porteiro!
"Eu entendi seu ponto, e concordo discordando.

Se n√£o falarmos, se n√£o exaltarmos nossas conquistas, ningu√©m vai. A fase atual √© horr√≠vel, deprimente, mas a hist√≥ria tem que ser glorificada, at√© que sejamos n√≥s ou algum rival a quebrar esse tabu.","Vtnc cara, teu time t√° no fundo do po√ßo"
"Eu entendi seu ponto, e concordo discordando.

Se n√£o falarmos, se n√£o exaltarmos nossas conquistas, ningu√©m vai. A fase atual √© horr√≠vel, deprimente, mas a hist√≥ria tem que ser glorificada, at√© que sejamos n√≥s ou algum rival a quebrar esse tabu.",E o que esse torneio tem a ver com a Copa do Mundo de clubes?
"Eu entendi seu ponto, e concordo discordando.

Se n√£o falarmos, se n√£o exaltarmos nossas conquistas, ningu√©m vai. A fase atual √© horr√≠vel, deprimente, mas a hist√≥ria tem que ser glorificada, at√© que sejamos n√≥s ou algum rival a quebrar esse tabu.",Kakakkakakak e nunca mais ganho nada de relevante
"Eu entendi seu ponto, e concordo discordando.

Se n√£o falarmos, se n√£o exaltarmos nossas conquistas, ningu√©m vai. A fase atual √© horr√≠vel, deprimente, mas a hist√≥ria tem que ser glorificada, at√© que sejamos n√≥s ou algum rival a quebrar esse tabu.",Maluco chato do caralho!!! Todo mundo sabe que voc√™s ganharam e blz jovem! Toda hora essa merda... Ain o √∫ltimo campe√£o mundial √© o curica... Quem tenta se auto afirmar a todo momento √© inseguro com suas convic√ß√µes... Voc√™ sabe que teu time vai falir e tenta se enganar...
"Eu entendi seu ponto, e concordo discordando.

Se n√£o falarmos, se n√£o exaltarmos nossas conquistas, ningu√©m vai. A fase atual √© horr√≠vel, deprimente, mas a hist√≥ria tem que ser glorificada, at√© que sejamos n√≥s ou algum rival a quebrar esse tabu.",mentiroso
"Eu entendi seu ponto, e concordo discordando.

Se n√£o falarmos, se n√£o exaltarmos nossas conquistas, ningu√©m vai. A fase atual √© horr√≠vel, deprimente, mas a hist√≥ria tem que ser glorificada, at√© que sejamos n√≥s ou algum rival a quebrar esse tabu.","- 2012
 - 2015"
"Eu entendi seu ponto, e concordo discordando.

Se n√£o falarmos, se n√£o exaltarmos nossas conquistas, ningu√©m vai. A fase atual √© horr√≠vel, deprimente, mas a hist√≥ria tem que ser glorificada, at√© que sejamos n√≥s ou algum rival a quebrar esse tabu.",Tem √© que pagar as contas antes!!KKKKKK!!
"√âs a√≠ o cara que a esquerda  massacrou, e Deus o exaltou de novo na presid√™ncia do da Am√©rica",Caralho maconaria pura olha a http://taca.se eeferindoao anjo descrtito na biblia .fira as simbologias .ate o simbolo nuclear pqp fom dos tempos
"√âs a√≠ o cara que a esquerda  massacrou, e Deus o exaltou de novo na presid√™ncia do da Am√©rica",Essa √© bonita...
"√âs a√≠ o cara que a esquerda  massacrou, e Deus o exaltou de novo na presid√™ncia do da Am√©rica","E o nosso verd√£o Ney, j√° pensou passar para mais uma fase."
"√âs a√≠ o cara que a esquerda  massacrou, e Deus o exaltou de novo na presid√™ncia do da Am√©rica","Acredito, quem chegar na final e ser Campe√£o, ser√° uma honra receber est√° linda ta√ßa, entregue pelo Presidente do Estado Unidos, Sr. Donald Trump! A meu sentir, ir√° para o Reino Unido este t√≠tulo. Aguardemos!"
"√âs a√≠ o cara que a esquerda  massacrou, e Deus o exaltou de novo na presid√™ncia do da Am√©rica",Eles falam tudo o que acontecer√° subliminarmente.
"√âs a√≠ o cara que a esquerda  massacrou, e Deus o exaltou de novo na presid√™ncia do da Am√©rica",Ser√° que vai ter alguma taxa?
"√âs a√≠ o cara que a esquerda  massacrou, e Deus o exaltou de novo na presid√™ncia do da Am√©rica",Perfeito.
"√âs a√≠ o cara que a esquerda  massacrou, e Deus o exaltou de novo na presid√™ncia do da Am√©rica",Palmeiras!!!
"√âs a√≠ o cara que a esquerda  massacrou, e Deus o exaltou de novo na presid√™ncia do da Am√©rica",Para o Chelsea n√£o vai ser pois volta sexta feira para a Inglaterra  rssss
"√âs a√≠ o cara que a esquerda  massacrou, e Deus o exaltou de novo na presid√™ncia do da Am√©rica",Ser√°?  Xispitinha!!! Sumiu ! Falei que vencer√≠amos e os mulambos iria dan√ßar!! Kkkk
"√âs a√≠ o cara que a esquerda  massacrou, e Deus o exaltou de novo na presid√™ncia do da Am√©rica",Ser√° pro meu PALMEIRASSSSSSS
"√âs a√≠ o cara que a esquerda  massacrou, e Deus o exaltou de novo na presid√™ncia do da Am√©rica",Bayern que se vire.
"√âs a√≠ o cara que a esquerda  massacrou, e Deus o exaltou de novo na presid√™ncia do da Am√©rica",laranj√£o?
"√âs a√≠ o cara que a esquerda  massacrou, e Deus o exaltou de novo na presid√™ncia do da Am√©rica",Ser√° uma honra o Gustavo Gomes receber a ta√ßa das m√£os do laranj√£o
"√âs a√≠ o cara que a esquerda  massacrou, e Deus o exaltou de novo na presid√™ncia do da Am√©rica",Muito linda
"√âs a√≠ o cara que a esquerda  massacrou, e Deus o exaltou de novo na presid√™ncia do da Am√©rica","Lembrei do Bjorn Borg, pq ser√°."
"√âs a√≠ o cara que a esquerda  massacrou, e Deus o exaltou de novo na presid√™ncia do da Am√©rica",linda
"√âs a√≠ o cara que a esquerda  massacrou, e Deus o exaltou de novo na presid√™ncia do da Am√©rica",Vai Palmeiras
"√âs a√≠ o cara que a esquerda  massacrou, e Deus o exaltou de novo na presid√™ncia do da Am√©rica",Espero que leve
"√âs a√≠ o cara que a esquerda  massacrou, e Deus o exaltou de novo na presid√™ncia do da Am√©rica",A ta√ßa mais ma√ß√≥nica alguma vez feita.
"√âs a√≠ o cara que a esquerda  massacrou, e Deus o exaltou de novo na presid√™ncia do da Am√©rica",what a beauty...
"√âs a√≠ o cara que a esquerda  massacrou, e Deus o exaltou de novo na presid√™ncia do da Am√©rica",Ainda bem que n√£o √© o gabiru. J√° pensou?
"√âs a√≠ o cara que a esquerda  massacrou, e Deus o exaltou de novo na presid√™ncia do da Am√©rica","Agora eu entendi porque o times do Rio de Janeiro... ""framengu  e fa√≠sca fogu"" j√° foram ""discrassificadus""!"
"√âs a√≠ o cara que a esquerda  massacrou, e Deus o exaltou de novo na presid√™ncia do da Am√©rica","@grok
 isso √© verdade?"
"√âs a√≠ o cara que a esquerda  massacrou, e Deus o exaltou de novo na presid√™ncia do da Am√©rica",@roelton_maciel
"√âs a√≠ o cara que a esquerda  massacrou, e Deus o exaltou de novo na presid√™ncia do da Am√©rica",Boa noite!!
"√âs a√≠ o cara que a esquerda  massacrou, e Deus o exaltou de novo na presid√™ncia do da Am√©rica",hahahahah
"√âs a√≠ o cara que a esquerda  massacrou, e Deus o exaltou de novo na presid√™ncia do da Am√©rica",Certeza que o Trump ia querer entregar pro verdao do bolsonaro kkkkkkk
"√âs a√≠ o cara que a esquerda  massacrou, e Deus o exaltou de novo na presid√™ncia do da Am√©rica",Disco de arado banhado a ouro.
"√âs a√≠ o cara que a esquerda  massacrou, e Deus o exaltou de novo na presid√™ncia do da Am√©rica",Eitaaaa
"√âs a√≠ o cara que a esquerda  massacrou, e Deus o exaltou de novo na presid√™ncia do da Am√©rica",Nossa
"√âs a√≠ o cara que a esquerda  massacrou, e Deus o exaltou de novo na presid√™ncia do da Am√©rica",De ouro com certeza
"√âs a√≠ o cara que a esquerda  massacrou, e Deus o exaltou de novo na presid√™ncia do da Am√©rica",N√£o √© a mesma chave que ele deu Ellon Munsk ?
"√âs a√≠ o cara que a esquerda  massacrou, e Deus o exaltou de novo na presid√™ncia do da Am√©rica",AGORA - Trump presenteia Elon Musk com uma chave dourada da Casa Branca como agradecimento por seus servi√ßos prestados ao governo dos EUA
"√âs a√≠ o cara que a esquerda  massacrou, e Deus o exaltou de novo na presid√™ncia do da Am√©rica",Quer apostar que √© do Palmeiras ?
Hecho mierda,Tendremos una final europea
Hecho mierda,Se acab√≥ ahora s√≠
Hecho mierda,"Que pereza da el chelsea, no emociona a nadie."
Hecho mierda,El ataque de fluminense hoy
Hecho mierda,"""CoN suDaMErIcA nO Se jODe"""
Hecho mierda,"Yo llorando la derrota del Fluminense: 
(No veo un partido suyo desde la final de libertadores que le ganaron a Boca)."
Hecho mierda,Otra puta final de champions. Me cago en su europea madre!
No,Jajaja intent√© verlo y a los 10 seg√∫ndos lo quit√©
No,Chula roja no marcaron
No,"No mamen esta entrada de Crisanto a Alexis Vega es de roja y el VAR???
#CopaOro2025 #MexicoPorLaCopa #Honduras"
No,Pinche juego aburrido y encima nos est√°n robando ya con 2 rojas
No,I thought that was me lol
No,UPS
No,"Hey 
@grok
 What movie is it?"
No,Wow
"O Pared√£o Tricolor! 

#FIFACWC",Recordista MUNDIAL de um goleiro em partidas sem sofrer gols!!!!
"O Pared√£o Tricolor! 

#FIFACWC","Hay algo que me gusta mucho de fluminense, hay algunos titulares, pero me he fijado lo bueno que es RENATO planteando estrategias, le juega de acuerdo a el equipo rival, pero juega igual las mismas formas, el mismo pensamiento, obtener el resultado que se necesita! El + completo!"
"O Pared√£o Tricolor! 

#FIFACWC",O que agarra esse menino. Ele tem um Futuro promissor.
"O Pared√£o Tricolor! 

#FIFACWC","ùë∂ùíìùíàùíñùíçùíâùíê ùíÖùíÜ ùíîùíÜùíì ùëªùíìùíäùíÑùíêùíçùíêùíì.

Fizemos uma campanha hist√≥rica, superamos advers√°rios gigantes, mostramos ao mundo a nossa for√ßa e ficamos entre os quatro melhores clubes do planeta. Do in√≠cio ao fim dessa jornada, honramos nossa hist√≥ria de 122 anos e lutamos at√© o"
"O Pared√£o Tricolor! 

#FIFACWC","Pra frente, craque!

 
@FluminenseFC
  #GloriaEterna"
"O Pared√£o Tricolor! 

#FIFACWC","MUITO
ORGULHO 
DE TODOS!!!
Sempre Fluminense"
"O Pared√£o Tricolor! 

#FIFACWC","REGISTRO: O Fluminense se torna o PRIMEIRO clube brasileiro com a melhor campanha no maior mundial da hist√≥ria.

O clube carioca √© o novo recordista. Pra bater? S√≥ em 2029..."
tweet_id,comment
MAESTRO,Arda on Ancelotii
MAESTRO,ÿ≥ÿ¨ŸÑ ÿ®ŸÜŸä
MAESTRO,ARDAMMMMMMMMMMMM
MAESTRO,Vay be
MAESTRO,He deserves Modric's number '10'.
MAESTRO,@10ardaguler
MAESTRO,Jhon Duran isminde bir beyefendi geldi.
MAESTRO,"Benfica, sportif direkt√∂rl√ºk g√∂revine M√°rio Branco'nun getirildiƒüini a√ßƒ±kladƒ±."
MAESTRO,geldiƒüinden beri yetim g√∂ren e≈üref tek gibi sahip √ßƒ±kƒ±yor √ßocuƒüa var ol hocam
MAESTRO,"Xabi Alonso, Arda G√ºler'e el kol yapan Jude Bellingham ile konu≈üarak oyuncuyu uyardƒ±.

Alonso, sahadaki taleplerin kar≈üƒ±lƒ±klƒ± saygƒ±yla aktarƒ±lmasƒ± gerektiƒüini belirtti. (NTV Spor)"
Mmmm...a eso aspiran?? No ser√≠a este un fracaso?? No s√© exigen como equipo Grande...?? Con la n√≥mina mas cara de M√©xico??,"Frente en alto
Lugar 14 jajajajajjaja a cabron"
Mmmm...a eso aspiran?? No ser√≠a este un fracaso?? No s√© exigen como equipo Grande...?? Con la n√≥mina mas cara de M√©xico??,Con la frente en alto y el culo roto
Mmmm...a eso aspiran?? No ser√≠a este un fracaso?? No s√© exigen como equipo Grande...?? Con la n√≥mina mas cara de M√©xico??,Moraleja: Me la meti√≥ pero se la c4gu√©.
Mmmm...a eso aspiran?? No ser√≠a este un fracaso?? No s√© exigen como equipo Grande...?? Con la n√≥mina mas cara de M√©xico??,Jajaja ahora a la macro a festejar el ya m√©rito
Mmmm...a eso aspiran?? No ser√≠a este un fracaso?? No s√© exigen como equipo Grande...?? Con la n√≥mina mas cara de M√©xico??,"No le pudo ganar al peor finalista de la champion, no le pudo ganar al peor River, no pudo con el Borusia. D√≥nde est√° lo excepcional? Puro rid√≠culo"
Mmmm...a eso aspiran?? No ser√≠a este un fracaso?? No s√© exigen como equipo Grande...?? Con la n√≥mina mas cara de M√©xico??,"El Capi 
@SergioRamos
 poniendo en su lugar a ese medio pitero...

Bien ah√≠ jefazo!"
Mmmm...a eso aspiran?? No ser√≠a este un fracaso?? No s√© exigen como equipo Grande...?? Con la n√≥mina mas cara de M√©xico??,"Jes√∫s Corona mantuvo un nivel f√≠sico interesante en el 
@FIFAWorldCup
 y es gracias al nuevo preparador f√≠sico que tienen los 
@Rayados"
Mmmm...a eso aspiran?? No ser√≠a este un fracaso?? No s√© exigen como equipo Grande...?? Con la n√≥mina mas cara de M√©xico??,"Arrancamos este domingo el #Apertura2025.¬°A dejarlo todo, Monterrey!
@HEB_Mexico"
Mmmm...a eso aspiran?? No ser√≠a este un fracaso?? No s√© exigen como equipo Grande...?? Con la n√≥mina mas cara de M√©xico??,"Sergio Ramos manda a la prensa a tomar por el culo‚Ä¶

Se celebra."
"¬°IMPRESIONANTE, JOAO! 

#FIFACWC",Por favor que lo callen a barsky es insoportable
"¬°IMPRESIONANTE, JOAO! 

#FIFACWC",2 golazos que locuraaa
"¬°IMPRESIONANTE, JOAO! 

#FIFACWC","Es imposible jugar contra 12
Conmebol debe retirarse de la FIFA se√±ores"
"¬°IMPRESIONANTE, JOAO! 

#FIFACWC","¬°Dos golazos de Jo√£o Pedro que valen 60 MILLONES bb!  El brasile√±o acaba de demostrar por qu√© Chelsea lo fich√≥ - ¬°esa definici√≥n con la derecha es PURA CLASE!

¬°Con esta actuaci√≥n ya est√°n pensando en levantar la copa! 

#FIFACWC #LaQuinielaDeVale #ChismeDeportivo"
"¬°IMPRESIONANTE, JOAO! 

#FIFACWC",Solo los de la vieja escuela dar√°n like a este tweet.
"¬°IMPRESIONANTE, JOAO! 

#FIFACWC","De acuerdo con la direcci√≥n deportiva y el staff, Lucas Hern√°ndez y Willian Pacho, suspendidos para el resto del Mundial de Clubes, dejan el grupo hoy."
"¬°IMPRESIONANTE, JOAO! 

#FIFACWC",Pobre tipo clava dos golazos en una semifinal y no puede celebrarlos JAJAJAJAJ.
Neuer e o melhor goleiro do mundo,"N√£o d√° pra encarar o jogo do tamanho que √© se os caras s√£o f√£s dos jogadores do outro lado
O futebol sul americano √© menor n√£o s√≥ na qualidade e investimento. Esse tipo de postura √© loucura.

Primeira coisa quando acabou o jogo foi o Ortiz pedindo a camisa do Kane."
Neuer e o melhor goleiro do mundo,"Nao moral, aconteceu com o Palmeiras e o Messi e agora isso! Mesmo depois do jogo, n√£o pode ficar de risadinha e tietando os caras! Vsf! Os caras tem dinheiro, nas f√©rias vai pra Europa, assisti um jogo e vai lamber as bolas do seu √≠dolo, n√£o no dia do jogo contra o seu time"
Neuer e o melhor goleiro do mundo,humildade do rossi deixar o neuer tirar foto dele
Neuer e o melhor goleiro do mundo,que moral que o rossi deu pro neuer hein
Neuer e o melhor goleiro do mundo,Pov: quando voc√™ ajuda o time do seu √≠dolo a ganhar
Neuer e o melhor goleiro do mundo,Neuer foi atr√°s do Rossi pedir foto
Neuer e o melhor goleiro do mundo,Toma no cu Neuer
Neuer e o melhor goleiro do mundo,q honra do neuer
Neuer e o melhor goleiro do mundo,neuer pedindo dicas de como tomar dist√¢ncia
Neuer e o melhor goleiro do mundo,"Rossi n√£o merece ser goleiro do Flamengo, VAZA DO FLAMENGO, IN√öTIL!"
Neuer e o melhor goleiro do mundo,Ele falando: vc n√£o pula n√£o jkkkk
Neuer e o melhor goleiro do mundo,Defesa√ßa no chute do Luiz Ara√∫jo
Neuer e o melhor goleiro do mundo,lindos
Neuer e o melhor goleiro do mundo,Imagino a emo√ß√£o do goleiro do Bayer ao encontrar o Rossi
Neuer e o melhor goleiro do mundo,Rossi e seus f√£s
Neuer e o melhor goleiro do mundo,"Vai tomar no cu 
@Flamengo"
Neuer e o melhor goleiro do mundo,E no Rio n√£o tem outro igual...
Neuer e o melhor goleiro do mundo,Only one team in Rio has won a World Cup
Neuer e o melhor goleiro do mundo,A gente comemora por voc√™
Neuer e o melhor goleiro do mundo,"vamos falar a verdade?

se o Flamengo pega a chave que o Fluminense pegou

ele estaria na final com uma tranquilidade absurda"
"Rub√©n Neves viaj√≥ despu√©s de jugar el Mundial de Clubes para estar en el funeral de su mejor amigo, Diogo Jota.

Un amigo de verdad.","Eso es ser, persona!!!"
"Rub√©n Neves viaj√≥ despu√©s de jugar el Mundial de Clubes para estar en el funeral de su mejor amigo, Diogo Jota.

Un amigo de verdad.","@LuisFDiaz19
 aprende !! No todo es plata"
"Rub√©n Neves viaj√≥ despu√©s de jugar el Mundial de Clubes para estar en el funeral de su mejor amigo, Diogo Jota.

Un amigo de verdad.","Tb fue cancelo q jug√≥ con √©l en el mismo partido.
El q no apareci√≥ fue el capit√°n de la selecci√≥n portuguesa...."
"Rub√©n Neves viaj√≥ despu√©s de jugar el Mundial de Clubes para estar en el funeral de su mejor amigo, Diogo Jota.

Un amigo de verdad.","Esto nos enluta a toda la familia futbol√≠stica. Clubes, prensa, aficionados. Nunca caminaras solo."
"Rub√©n Neves viaj√≥ despu√©s de jugar el Mundial de Clubes para estar en el funeral de su mejor amigo, Diogo Jota.

Un amigo de verdad.",No como la cris que no quizo ir porq seg√∫n la prensa lo acosaria
"Rub√©n Neves viaj√≥ despu√©s de jugar el Mundial de Clubes para estar en el funeral de su mejor amigo, Diogo Jota.

Un amigo de verdad.",Mientras el capit√°n de la selecci√≥n ni sus luces
"Rub√©n Neves viaj√≥ despu√©s de jugar el Mundial de Clubes para estar en el funeral de su mejor amigo, Diogo Jota.

Un amigo de verdad.","Este tipo tiene el respeto del mundo del f√∫tbol. ¬°Qu√© extraordinario amigo eres, R√∫ben Neves!"
"Rub√©n Neves viaj√≥ despu√©s de jugar el Mundial de Clubes para estar en el funeral de su mejor amigo, Diogo Jota.

Un amigo de verdad.",Existem poucos assim !! 20
"Rub√©n Neves viaj√≥ despu√©s de jugar el Mundial de Clubes para estar en el funeral de su mejor amigo, Diogo Jota.

Un amigo de verdad.","Ojal√° el club y los amigos de jota no dejen sola a la familia, porque van a necesitar apoyo psicol√≥gico y sobre todo humanitario si se puede llamar de aquella forma."
"Rub√©n Neves viaj√≥ despu√©s de jugar el Mundial de Clubes para estar en el funeral de su mejor amigo, Diogo Jota.

Un amigo de verdad.",Y cristiano crey√©ndose Diva
"Rub√©n Neves viaj√≥ despu√©s de jugar el Mundial de Clubes para estar en el funeral de su mejor amigo, Diogo Jota.

Un amigo de verdad.",QDEP
"Rub√©n Neves viaj√≥ despu√©s de jugar el Mundial de Clubes para estar en el funeral de su mejor amigo, Diogo Jota.

Un amigo de verdad.",Los soldados del comandante dir√°n que Cristiano dio su apoyo en privado eso si es solidaridad
"Rub√©n Neves viaj√≥ despu√©s de jugar el Mundial de Clubes para estar en el funeral de su mejor amigo, Diogo Jota.

Un amigo de verdad.","Vea 
@LuisFDiaz19
, hay prioridades en la vida"
"Rub√©n Neves viaj√≥ despu√©s de jugar el Mundial de Clubes para estar en el funeral de su mejor amigo, Diogo Jota.

Un amigo de verdad.",y si fue a encontrarse con la viudita?
"Rub√©n Neves viaj√≥ despu√©s de jugar el Mundial de Clubes para estar en el funeral de su mejor amigo, Diogo Jota.

Un amigo de verdad.","Qu√© fuerza para jugar ayer e ir al funeral, mis condolencias para √©l."
"Rub√©n Neves viaj√≥ despu√©s de jugar el Mundial de Clubes para estar en el funeral de su mejor amigo, Diogo Jota.

Un amigo de verdad.",PUNTUAL PARA ENTERRAR A LA VIUDITA.
"Rub√©n Neves viaj√≥ despu√©s de jugar el Mundial de Clubes para estar en el funeral de su mejor amigo, Diogo Jota.

Un amigo de verdad.",Mientras el eg√≥latra no va para no desviar la atenci√≥n con su presencia
"Pr√≥xima parada: Semifinales. 

#FIFACWC",Excellent
"Pr√≥xima parada: Semifinales. 

#FIFACWC",Fechas porfa.
"Pr√≥xima parada: Semifinales. 

#FIFACWC",REAL MADRID C.F
"Pr√≥xima parada: Semifinales. 

#FIFACWC",Vamos Chelsea de mi coraz√≥n
"Pr√≥xima parada: Semifinales. 

#FIFACWC","¬°YA EST√ÅN LAS SEMIS bb!  Chelsea vs Fluminense y Real Madrid vs PSG... ¬°estos cuatro equipos en MetLife Stadium van a ser PURO ESPECT√ÅCULO!

Con Mbapp√© vs su ex equipo y Chelsea buscando redenci√≥n... ¬°las pr√≥ximas 48 horas van a estar INCRE! 

¬øQui√©n llega a la final?"
"Pr√≥xima parada: Semifinales. 

#FIFACWC",MAR√áINIAK el √°rbitro del NECESER que Rob√≥ al Atleti y Bar√ßa arbitrar√° el Real TRAMPAS VS PSG
Eu descobrindo que  Al hilal venceu o  Manchester:,vou falar que vi um dos maiores jogos da hist√≥ria da copa (n vi o jogo
Eu descobrindo que  Al hilal venceu o  Manchester:,Opa chamou?
Eu descobrindo que  Al hilal venceu o  Manchester:,"Emocionado, por√©m, na realidade estava dormindo e s√≥ viu depois os melhores momentos. Kkkkk"
Eu descobrindo que  Al hilal venceu o  Manchester:,"Estou revoltada por ter perdido isso kkkk. S√≥ vi o 1¬∫ tempo, jogo muito tarde"
Eu descobrindo que  Al hilal venceu o  Manchester:,EU (nem vi o jogo
Eu descobrindo que  Al hilal venceu o  Manchester:,"De acordo com os regulamentos oficiais da FIFA, quando um jogador de futebol morre:

- O contrato com o clube termina automaticamente, como se tivesse terminado naturalmente.

- O clube s√≥ √© obrigado a pagar os sal√°rios em d√≠vida at√© a data do falecimento, entregando-os aos"
Eu descobrindo que  Al hilal venceu o  Manchester:,Lu√≠s Roberto com Flamengo eliminado / Lu√≠s Roberto com o Fluminense eliminado.
Eu descobrindo que  Al hilal venceu o  Manchester:,"se t√° ruim pra torcida tricolor, imagina pra mel maia q al√©m de eliminada foi com 2 gols do EX DELA 

foi a lei do ex no sentido literal pqp"
Eu descobrindo que  Al hilal venceu o  Manchester:,"Que j√≥ia tem o Fluminense! Gola√ßo de Jo√£o Pedro.

F√°bio nem viu a cor da bola."
Ser√° onde em 2029 ? Bem que poderia ser aqui mesmo .,Krlh isso ficou muito bom kkkkkk
Ser√° onde em 2029 ? Bem que poderia ser aqui mesmo .,"Tem que ser mano! 
@FIFAcom
  e 
@CBF_Futebol
 , fa√ßa acontecer!"
Ser√° onde em 2029 ? Bem que poderia ser aqui mesmo .,CASINOOOOOOOOO
Ser√° onde em 2029 ? Bem que poderia ser aqui mesmo .,"AEEE KASINAAAAAAAAAAAAAAAAAAAAAAAAAAAAAAAAAAAAO! CAN'T GET OVER!!! VAI DJ!!!!! (Na moral, sinceramente encaixou perfeitamente)"
Ser√° onde em 2029 ? Bem que poderia ser aqui mesmo .,SABADA√áO
Ser√° onde em 2029 ? Bem que poderia ser aqui mesmo .,"@bfr_biarezende
 poucos entender√£o"
Ser√° onde em 2029 ? Bem que poderia ser aqui mesmo .,@Denicko92
Ser√° onde em 2029 ? Bem que poderia ser aqui mesmo .,@RNishikawara
Ser√° onde em 2029 ? Bem que poderia ser aqui mesmo .,"Combinou perfeitamente, isso deveria se concretizar kkkkkk"
Ser√° onde em 2029 ? Bem que poderia ser aqui mesmo .,SABADO COM GILBERTO BARROS √â SABADA√áO
Ser√° onde em 2029 ? Bem que poderia ser aqui mesmo .,KASINAAAAAAAAAAO
Ser√° onde em 2029 ? Bem que poderia ser aqui mesmo .,"Queria que fosse a ""√â uma partida de futebol"" do Skank"
Ser√° onde em 2029 ? Bem que poderia ser aqui mesmo .,FODA
Ser√° onde em 2029 ? Bem que poderia ser aqui mesmo .,Ta come√ßando o SABADA√áO
Ser√° onde em 2029 ? Bem que poderia ser aqui mesmo .,CASSINOOOOOO
Ser√° onde em 2029 ? Bem que poderia ser aqui mesmo .,Aten√ß√£o chegou Chatuba heim
Ser√° onde em 2029 ? Bem que poderia ser aqui mesmo .,P R O M ∆ê ≈¢ A
Ser√° onde em 2029 ? Bem que poderia ser aqui mesmo .,"AEEEEEEHHHH CASSSIN√ÉOOOOO..... ASHDUSAHDAUHDUADHAH 

PUTA MERDA.... ASDHASUDHAIHDAD"
Ser√° onde em 2029 ? Bem que poderia ser aqui mesmo .,"@FIFACWC
 @FIFAcom
 @fifaworldcup_pt"
Ser√° onde em 2029 ? Bem que poderia ser aqui mesmo .,pior que √© perfeito
Ser√° onde em 2029 ? Bem que poderia ser aqui mesmo .,@vrafael23
Ser√° onde em 2029 ? Bem que poderia ser aqui mesmo .,AE KASINAAAAAAAOOOOOO
Ser√° onde em 2029 ? Bem que poderia ser aqui mesmo .,"KASSIN√ÉO!!!!!

      Patroc√≠nio: todas as BETs"
Ser√° onde em 2029 ? Bem que poderia ser aqui mesmo .,@MonitieliK
Ser√° onde em 2029 ? Bem que poderia ser aqui mesmo .,TEM QUE SER ESSA
Ser√° onde em 2029 ? Bem que poderia ser aqui mesmo .,@SehnemV
Ser√° onde em 2029 ? Bem que poderia ser aqui mesmo .,KASSINAAAAAAAAAAAAAAAAAAAAAAAAAAOOOOOOOOOOOOOOOOOOOOOOOOOOOO
Ser√° onde em 2029 ? Bem que poderia ser aqui mesmo .,@lian_farias
Ser√° onde em 2029 ? Bem que poderia ser aqui mesmo .,CASSINOOOO
Ser√° onde em 2029 ? Bem que poderia ser aqui mesmo .,"VAI, DIJEI"
Imaginate llegar a semifinales del mundial de clubes siendo sudamericano y que te elimine con 2 goles un jugador salido de tus inferiores,River Plate vs Real Madrid 2029.
Imaginate llegar a semifinales del mundial de clubes siendo sudamericano y que te elimine con 2 goles un jugador salido de tus inferiores,lo que nos iba a pasar si mastantuono se iba una semana antes y lo jugaba con el madrid (no pasamos fase de grupos)
Imaginate llegar a semifinales del mundial de clubes siendo sudamericano y que te elimine con 2 goles un jugador salido de tus inferiores,"MERCENARIO HIJO DE MIL PUTA, NO VUELVAS NUNCA MA$TANTROLO. ROMPETE TODO FORRO

Estoy practicando para el pr√≥ximo mundial"
Imaginate llegar a semifinales del mundial de clubes siendo sudamericano y que te elimine con 2 goles un jugador salido de tus inferiores,ya me imagino a melastomo en 2029 encarando a milton casco para la tricota pidiendo perdon mercenario hdp
