tweet_id,comment
A pensar en el Mundial eso es lo más importante,si psg descansado dias menos metido doble goles ah venia seattle ayudita suficiente vez veremos pasa argentina proximo ano
A pensar en el Mundial eso es lo más importante,esperamos verte equipo saudi alahli
A pensar en el Mundial eso es lo más importante,pasar grupo equipo casi mas hazana mundial
A pensar en el Mundial eso es lo más importante,mira leo sientas mal hizo pudo lamentes tor companeros dieron mejor esfuerzo sirva aprendizaje cualquier club campion champions asi sigue asi
A pensar en el Mundial eso es lo más importante,adelante campeon retroceder jamas rendirse nunca abrazo equipo
A pensar en el Mundial eso es lo más importante,sos inmenso leo
A pensar en el Mundial eso es lo más importante,dale leo da igual resultado siempre vas seguir siendo mejor nadie quita
A pensar en el Mundial eso es lo más importante,fraude jamas superaras cristiano menos maradona ganaron regalaron mundiales copas america nadie duda calidad solo funciono barcelona
A pensar en el Mundial eso es lo más importante,tenes dos tipos personas aman messi antifutbol grande lio
A pensar en el Mundial eso es lo más importante,pechofrio lcdtm ayudin alevoso
A pensar en el Mundial eso es lo más importante,cabeza arriba leo tqm
A pensar en el Mundial eso es lo más importante,arbitraje penales faltas inventadasno party
Jajajjajaja,rayo nuevo central tambien calentando banquillo
Factos,nunca debio salir
Factos,clip mas iconos cristiano ronaldo visto grada grabado viajero tiempo iphone
Factos,segundos jugadores chelsea haciendo fila saludar charlar rato thiago silva lider absoluto
"A la corrupción del torneo la elimino el PSG, cuando eliminó al Inter de Miami",grande vinicius gracias siempre hala madrid mas
"A la corrupción del torneo la elimino el PSG, cuando eliminó al Inter de Miami",quiza si vinicius tan subnormal provocando hizo jugadores mallorca igual habria pasado tantas veces equipos si provoca puede total haciendo
"A la corrupción del torneo la elimino el PSG, cuando eliminó al Inter de Miami",cuestion tiempo si pierden dortmund psg van decir negreira jajajajaja
"A la corrupción del torneo la elimino el PSG, cuando eliminó al Inter de Miami",penales regalados gil
"A la corrupción del torneo la elimino el PSG, cuando eliminó al Inter de Miami",definitiva aficionados futbol rivalidades show generando dinero atrayendo turistas
"A la corrupción del torneo la elimino el PSG, cuando eliminó al Inter de Miami",videos retrasados mentales madrid tv
"A la corrupción del torneo la elimino el PSG, cuando eliminó al Inter de Miami",estadios blanco debe ser si senor
"A la corrupción del torneo la elimino el PSG, cuando eliminó al Inter de Miami",simplemente arbitros espanoles talvez arbitro espanol sacaria roja ser q jugador real madrid
"A la corrupción del torneo la elimino el PSG, cuando eliminó al Inter de Miami",normal estadios vacios xd si gente luz ver partidos xd
"A la corrupción del torneo la elimino el PSG, cuando eliminó al Inter de Miami",compra arbitros barcelona susodichos mugrienta liga barcelona negreira
Salta pequeño canguro,cules siguen llorando vez mas lastima
Salta pequeño canguro,grandeeeee toda bocazaaa ignorantesque creen porq ven muchas licenciaturas
Salta pequeño canguro,iporteroorinandose solo tres cuatro muuuchos
Salta pequeño canguro,contundente metio doblada grande
Salta pequeño canguro,especificamente mancuer spider cule gol paulinho mister seitan
Salta pequeño canguro,nivel si estan vigentes campeones mejores ligas mundo espana inglaterra italia
Salta pequeño canguro,vea pues mundial selecciones casi anos historia torneo quieren ganar si validez madridistas mier jajajaja
Salta pequeño canguro,siempre tira factos
Salta pequeño canguro,dicen ahi agarrando aunque fallo despues temporada
Salta pequeño canguro,viene mundial clubes mas dificil liga champios ojo si ganamos si tan dificil
Salta pequeño canguro,mas alto imposible portero literal m
Salta pequeño canguro,entonces jurgen klopp sabe futbol
"No solo FLUMINENSE jugó más en el periodo de 12 meses. Inclusive este año tiene más partidos: 41 a 33. 
Y nadie habla de las distancias recorridas dentro de Brasil y por Copa. Supera 10 VECES los traslados del Chelsea.",mismo pasaba viejo mundial clubes sudamericanos terminando temporada europeos plena
"No solo FLUMINENSE jugó más en el periodo de 12 meses. Inclusive este año tiene más partidos: 41 a 33. 
Y nadie habla de las distancias recorridas dentro de Brasil y por Copa. Supera 10 VECES los traslados del Chelsea.",verdadera diferencia brasilenos estan medio mayores competencias europeos estan d salida todas maneras excusa
"No solo FLUMINENSE jugó más en el periodo de 12 meses. Inclusive este año tiene más partidos: 41 a 33. 
Y nadie habla de las distancias recorridas dentro de Brasil y por Copa. Supera 10 VECES los traslados del Chelsea.",jaja partidos isla diminuta continente chico si jugasen sudamerica pierden cordura
"No solo FLUMINENSE jugó más en el periodo de 12 meses. Inclusive este año tiene más partidos: 41 a 33. 
Y nadie habla de las distancias recorridas dentro de Brasil y por Copa. Supera 10 VECES los traslados del Chelsea.",jajajaa payasada europeos dios mio quejandose ganando
"No solo FLUMINENSE jugó más en el periodo de 12 meses. Inclusive este año tiene más partidos: 41 a 33. 
Y nadie habla de las distancias recorridas dentro de Brasil y por Copa. Supera 10 VECES los traslados del Chelsea.",nooo justo venis brasileros juegan cada dias termina partido van bailar lambada garotinas dia siguiente juegan futboley playa
"No solo FLUMINENSE jugó más en el periodo de 12 meses. Inclusive este año tiene más partidos: 41 a 33. 
Y nadie habla de las distancias recorridas dentro de Brasil y por Copa. Supera 10 VECES los traslados del Chelsea.",partidos oficiales siempre jugando van ser competitivos brazucas
"No solo FLUMINENSE jugó más en el periodo de 12 meses. Inclusive este año tiene más partidos: 41 a 33. 
Y nadie habla de las distancias recorridas dentro de Brasil y por Copa. Supera 10 VECES los traslados del Chelsea.",buena respuesta equipos argentinos brasilenos habian terminado ligas igual jugaron numeros partidos similares mierda hablan dicen van carga
"No solo FLUMINENSE jugó más en el periodo de 12 meses. Inclusive este año tiene más partidos: 41 a 33. 
Y nadie habla de las distancias recorridas dentro de Brasil y por Copa. Supera 10 VECES los traslados del Chelsea.",naaaaa ahi mismo levante cierre rueda prensa putee organizo rueda prensa dejarlo asi meado mundo quejarse tener partidos fluminense oficiales mismo tiempo naaaa meado quedo
"No solo FLUMINENSE jugó más en el periodo de 12 meses. Inclusive este año tiene más partidos: 41 a 33. 
Y nadie habla de las distancias recorridas dentro de Brasil y por Copa. Supera 10 VECES los traslados del Chelsea.",tirando excusas excusas dieron quedo payaso
"No solo FLUMINENSE jugó más en el periodo de 12 meses. Inclusive este año tiene más partidos: 41 a 33. 
Y nadie habla de las distancias recorridas dentro de Brasil y por Copa. Supera 10 VECES los traslados del Chelsea.",mes tien diases decir dos meses juegan partidos latemporada mesesdejen joder tema cansancioes mentira
